,00e8683a-ac54-4fbf-ac9d-a9c53b77aa48,052bcf45-4e0c-4022-a82e-edd4b65f50a4,054e61b7-518a-455a-ad37-28a72b43121e,056f110a-dc87-4fb2-af47-39b5b8d98ae9,06a38eab-fef0-4101-a7bd-13fa5afd7e28,06c1db5b-9125-4b1d-8788-441c4b7f657f,09709c98-7c12-4213-a4a3-25da4fb5398d,09b6ed32-744e-49d3-8607-cc2fb9a57d60,0aae63b3-f3e4-4546-b2f8-b3dc84cacc6a,0ba41ac6-6faa-4a79-9886-ab7146688650,0e406a7a-9fef-40c5-afeb-80d76e3a65f3,10f0e156-c4ee-4e2c-8217-1a2a65f22cea,12626468-5ca4-40c8-a362-89beccdfd1bd,135faaa3-d997-4566-8cfa-8c33898d7664,1389d5bf-8c01-457e-ab0e-f3ac96581b41,144f664f-6237-4f0f-9437-99c928c0c3e6,1724e597-c3da-489e-9538-468c273f847a,1c8106ea-2e12-4152-83ef-e7536c9e5945,1ca9c5b4-66d2-4266-ba19-f2709c7cc25e,1dfbc7db-bf80-480c-8dfb-c0b34f8361f9,1e54b1cf-04a5-4426-9d0d-1e37e27bec58,1f5072fd-bd8f-4f9d-b934-8a141f24409a,20dd4eb2-2624-4a31-a0b1-b7fe69b10e64,219705fc-77a0-401b-afbd-ab9bf7d23aa6,28a524fc-e762-4d1b-896e-dc80129cbcae,290d0372-992a-4586-9de6-7e2f497c9601,292422e8-a401-409a-9ad1-88051f7d1559,2cc8303a-0ceb-4fad-ad88-e0582cf79e3f,2dd593d0-992c-4550-8df3-bb6718774a37,2f50315c-773e-482d-86f7-29695d960961,3043de17-04ca-4a71-a17c-2d69237fffd0,30f9471b-830d-48e3-8bf2-7559bedaa2af,319c6823-6c7f-4f8c-8c86-5663524767f1,33809ebc-115e-431a-a411-9d3cb458228a,35a01202-d063-404e-bfe9-bb5eeae1f203,3c277a5b-87a4-4275-8b57-9627bb0c0018,4015f0d5-5e5b-4e69-9e6a-fa7ba90f144f,411153fd-414c-46a7-ae2b-c6f579ad63e6,43c9eaba-f8c8-4df1-ab40-3b7f9796c1fb,449c0ccd-8b79-4ff7-8d75-ca79fb8fd5de,457721b9-b943-4e28-842d-63346121ed71,485ae178-92c0-4cb6-8b62-db6411816086,4ae2e2f4-c684-4bde-81d5-cc36e1f9c897,4af39a25-abcd-432f-af73-a8aff123fab4,4b618eb8-974f-46fc-9d1b-c7dbfa318e98,4bc69bea-f1fd-49aa-a3a4-4ab837d06b88,4c9a8f20-e72c-4bfb-afff-832cc941d022,4d1204de-e1b7-4717-bfa1-c82d5e81c52e,4fbdfa53-df0a-41d1-877c-307ba5171c6f,5195c679-e4a2-4ee3-a2eb-0cd23737bc17,556c3ec5-7d7b-4676-9dea-568265599930,5796fff2-0c60-4d39-9684-d725305f705d,58a2e618-537a-4109-899f-5d6cf44050a1,59ffb7f2-6ec8-4cc2-bc85-c68377eae6c3,5a793a57-7fdf-440d-bc0c-962fbdb49d14,5a99ae9f-5ef2-4ef3-9239-901d78339a99,5ce16ff0-9160-48ce-949a-28a42dde4951,5fc2dc1a-005a-4ad0-8b96-4a984f8d0916,61f9bca0-6226-431e-a9b1-213e60892949,62e1b4b2-baec-4ed2-af9f-5969cb95daa4,6365c6a9-9f87-471e-8d05-f97a51478f99,640b64f0-51f9-46e0-8547-ba7209b06f3c,641f4ec9-7446-40b7-90fe-5f661e4726c6,67fbd41c-50e8-4dba-a425-930b49af6a60,6aca803d-655a-4fa1-8682-bd3f6b8ddf50,6b09f7bd-7bf5-4ae2-945b-7af50c08db14,6dc91b93-cb48-4690-833e-78b65195db22,6f2fea82-95d2-47c3-aa09-6689f3f5bbd6,70c39711-6ec2-4632-8379-bc82115131c0,71742f11-e01a-44e1-baf4-6fc48fc0363e,72e7c4da-1ee4-4da2-b66e-edcdce2a0a39,72fc299f-4398-4ee7-a805-07c472baad62,73171567-ff2d-416d-9a74-d841b696d0c8,74411791-207b-4bb5-b4bf-18abc659231d,76512586-f974-49f0-9412-6f55c52c83ee,76c48da6-67b1-475a-9b07-a9d5ea7cfe87,77db8974-c732-47e5-870d-46ffc0579ca3,7cdd0ce9-fef3-4ee2-98ac-5c0e08e5c949,7fee0458-cda3-4794-b988-bdb53b5720f8,820e91a4-d53d-45a5-8005-a05cea40032c,837d4609-4fd6-44a6-b63f-c3dfde589091,83b406f8-0c5b-498e-ab49-9c4e497a3497,83eb84cf-7e10-40a4-9cf2-153d89e80410,84a87fa3-a274-4396-b834-a6c4ae5f70af,853e8477-2ad5-43c1-82a1-8f578c6a730d,8594dc7c-69b3-4ec1-96bd-e3d761b55eb2,891daf58-4661-4a39-acd2-338c854c9658,953c9155-8fea-4065-849b-dd29a9936cb4,9755fce6-0b5d-49cf-b953-d302e73c30e2,98ab6d8c-a3f9-4bfc-913f-30afa9421ab1,9bb2dbaa-b02d-439b-8346-115dbb1ff8be,9ca11add-074b-4f89-8ece-2e68991dcca0,9d79b600-531b-45f5-b263-feec3aea8720,9ee2b4f5-e47c-4025-9444-3ac3f3f8dbc8,9f054437-1c7d-42a6-9d29-f5381fa71a9f,9f920f60-8d5b-4f58-8e4e-063eefddcbd6,a1b88cc5-98db-4787-a803-f95b4caf1f13,a74b2eea-62ab-4eb1-ace8-ad09e8c1d680,aa019b9f-2773-4f6a-9bd2-c9ff2697b80d,aa2b0455-1246-47cf-82c3-1661f00d4d05,aa56b905-7ad6-4062-8b66-6b4df6699343,aaad6837-3e8c-4654-93b1-3a41f0c441ed,aaf1f4bb-322e-4d99-9993-fe725b3d561b,ab5ccd07-bf05-4f46-98ff-23062224f1d1,ac39619f-92b5-4fb5-866b-92e20172967c,ac8d8feb-9586-4cb9-9538-cddb4b1e121c,ad33029c-9c5d-4ac2-87de-73fdfe50c4b5,afd32214-b4fc-4159-aef6-cb3277af3850,b3acfc81-cb77-49a8-b1ed-b035438f49a3,b4b78cd2-2106-476b-8893-79951270638e,b5244df6-1b71-4fc3-8a1f-54536edfcd6d,b5decedf-7194-4903-8396-047a7f304702,b5df0792-28c8-4044-8573-a3d1c2d27b86,b60cfd61-048d-4f30-a3ab-955d84c147fd,b6e2e2af-8c5a-4eb1-a572-08b1e3042f72,b96fc086-4508-4efa-9b8f-e044679920e4,b984da3f-d02c-4e14-8339-a85be015028f,b9851914-71e7-43f3-b89d-b9608f07cd29,bb47da9c-2365-4a64-909a-89d74c8159a7,bbd7aad8-3be2-4adc-95f1-bd33086a7fcb,bc1ef857-9462-4734-99ca-61c5644c1c49,bcc67919-700a-4e30-8b5a-ea8f37cd7652,bd89bb16-28e2-4605-ab89-75faf26fbb21,c1c280dd-98ac-44c0-8994-8d16d8b407cd,c26f23b1-3388-480b-9788-9d37bbea0625,c4175c6f-4674-4591-936c-23361079b551,c5442bae-5d64-4848-9630-0611755924b3,c54e3ea6-6af2-458b-9dce-d8002be25fbd,c57b5611-81a7-499e-bafc-1a5a72ff06bc,c595d681-1738-4e74-9c92-42c8acc1b0ce,c7db9bc6-e950-404b-aa68-49bff776262b,c9770955-d187-4e33-8876-fd5c5f733699,c9dfbc0f-b343-4268-ac5a-a49c43b0e669,ca5a76ed-902a-4080-a2d2-89505931a348,caac474c-f1ce-47c8-abf1-67ccc3f6f24e,cb0f5d8c-9bb5-40e1-8580-44d1df821585,d05afffd-c14a-4c37-a0d5-633b686479e6,d0a1adec-a9ec-48d9-8ab5-4fe6928d9f2a,d0c9d23b-f220-4c02-9a7c-4796de860421,d285f6a7-667e-4ee1-8485-d609f20eea8c,d328ec3a-32f9-43b8-a457-f468fa8839a1,d4c580ef-6f59-4e93-ab47-1094e58b9290,d668c3d0-31d5-4696-9875-9d8c365214eb,da396474-fef4-44d2-b2c7-f7a375888104,db15972c-fbd7-408a-8230-638796a6ff2d,e193b75e-e0a7-4f48-a276-a28692082ac1,e244ada8-c755-4ac5-90f1-dd420749f2e5,e2503d70-7766-401a-b133-dbc370da144d,e3158cf8-1dcf-429f-84ec-1ceb2d5a20ef,e4eafee0-2471-4e0f-b196-ea340dbea4a6,e5b82f08-0459-4375-9eee-b4dbcacfa08a,ec7a4dd2-1046-46b1-9e61-94e829ba4fba,ed71d495-123d-47dd-9573-87178b9722e4,f0ad3cfa-1cc0-4b6e-a53f-7695d4fa585e,f3be29a5-befc-4800-95a9-2ff8c31ad60e,f44fd977-81a6-4821-8dc5-0249d12bf64e,f50ef3e7-6ad2-47ed-be82-259f37135e8d,f5f174ea-9daa-427e-91b6-8a73f72832c8,f638a4f8-d662-49b3-a246-5ce232ad9035,f799027e-9b9f-4cdb-900c-42003f8dcfdb,f7cce0df-caed-4b00-8541-ffdd7ae987fe,fa351891-21a3-49ba-aa7d-f923152ec056
SETD1B,1.781062919975565,2.575076359193647,0.2605986560781918,1.8691508857666463,3.097373243738546,2.693097128894319,2.653145998778253,0.8452046426389738,3.5544288332315213,3.125229077580941,2.8008552229688455,1.5139890042761148,4.967990226023213,1.209529627367135,0.47171655467318263,1.3876603543066586,1.6893097128894319,3.127306047648137,0.598167379352474,3.0736713500305437,2.6317654245571167,0.39499083689676234,1.7220525351252292,4.363836285888821,2.6598656078191816,1.8737935247403787,0.28564447159437995,4.097861942577886,0.6167379352474038,1.1926695174098962,0.5708002443494197,2.2127061698228467,3.2509468540012216,2.1780085522296884,2.496640195479536,2.482345754428833,1.946487477092242,0.36640195479535737,0.5963347587049481,2.1087354917532073,1.564080635308491,4.024801466096518,4.104581551618815,0.2596212583995113,0.777153329260843,4.152107513744655,6.9444105070250455,4.166401954795357,0.9167990226023213,1.0393402565668906,0.9598045204642639,0.8122174709835064,2.0841783750763594,1.0136835675015272,5.311912034208919,5.489554062309102,0.8665852168601099,1.4207697006719608,1.8946854001221747,1.5755650580329872,1.9631032376298105,0.5169211973121564,2.0223579718998166,2.8643860720830787,0.027367135003054367,0.6019547953573611,2.1731215638362857,2.306902871105681,0.30372632864996946,2.0331093463653023,1.5556505803298717,2.2927306047648135,1.2656078191814295,1.828588882101405,2.045326817348809,0.01979230299328039,1.3859499083689677,4.270983506414172,0.8657299938912645,0.9786194257788637,2.266707391569945,1.4262675626145387,2.487843616371411,1.447892486255345,0.3346365302382407,0.4682956627978009,2.510323762981063,2.6987171655467317,2.2687843616371413,2.8968845448992058,0.963714111178986,0.5350030543677459,0.5627367135003054,1.0008552229688454,4.381918142944411,1.6566890653634698,1.1871716554673182,0.6736713500305437,0.1662797800855223,1.8199144777031155,1.784605986560782,1.9381795968234576,0.6674404398289554,1.9400122174709835,1.6471594379963348,1.169578497251069,2.3038485033598044,0.9214416615760538,0.8529016493585828,1.7528405620036653,1.1192425167990225,1.8960293219303603,1.1615149664019548,0.5591936469150885,2.575442883323152,2.303115455100794,1.3373243738546121,5.6634086744043985,2.257544288332315,3.666463042150275,3.6867440439828956,0.5108124618204032,0.601832620647526,1.5708002443494196,2.1345143555284056,2.057299938912645,2.625412339645693,2.434331093463653,0.24654856444715945,2.2351863164324985,2.858643860720831,4.959804520464264,0.9094685400122174,5.531582162492364,1.7987782529016494,0.8215027489309713,3.403543066585217,2.2553451435552843,9.734270006108735,0.16371411117898596,0.5170433720219915,0.38924862553451434,1.0301771533292607,3.9600488698839342,2.1380574221136226,3.063164324984728,1.2047648136835676,1.6233353695784973,2.592913866829566,1.2864996945632254,6.898961514966402,0.48014660965180206,2.432498472816127,3.121808185705559,0.398045204642639,0.8414172266340867,0.7688454489920586,1.3483200977397678,6.984117287721442,0.3242516799022602,1.2637751985339034,3.8466707391569943
PLEC,10.115948370159703,38.887624881499306,6.02275213301247,24.64384161015095,55.42915481659739,67.59111791730474,50.14045066725006,22.65186319550791,22.368701232407204,92.07102749216072,21.642018522569824,15.582294173412091,19.124115802523153,1.5836797199737476,0.39167213592941,26.270837891052285,32.464012251148546,47.90775176839495,48.060745278203164,5.7601545978268796,59.78866768759571,37.221687449865094,19.06665208196602,21.447239845402173,69.92554510318676,46.256909501932476,21.224750237001384,11.338802596076716,18.055276015459782,22.314446145992854,38.672427623423026,19.98009188361409,5.427477576022752,54.89360460876541,9.974695544373951,51.64705024429374,20.898125865966602,4.356814701378254,24.50528695398527,51.563625756581345,45.93203529497557,17.553708160140012,22.560125428425582,7.995551666302049,26.53066433311456,1.7963246554364471,20.892583679719973,15.933712535550209,24.176693648362868,24.8855100999052,23.16517173485014,35.921898928024504,37.0766426019106,23.42456063589295,16.976372784948587,17.533435426237876,3.488879165755123,60.206738131699844,34.05629694450521,56.14154451979873,24.11332312404288,37.60956756362576,79.98191497119521,41.695836067964706,0.03704513964850872,36.42623787646759,41.862393349376504,48.09822795887114,19.81426383723474,53.25676365492598,4.401662655873988,52.99941661197404,0.5275286224750237,50.257492889958435,35.00845912637643,0.0,33.31502953401881,77.90257419966456,41.24327280682564,26.315612922044775,51.90600160431707,17.047035659593085,48.688981258659666,16.41515350397433,8.888572887041493,0.13089768832494714,64.82775468533508,82.54853059140962,56.73521475971706,3.1160942171661925,28.14723255305185,9.352730985196528,39.038868227229635,35.394443229052726,8.849048348282652,36.13337708743528,42.560417122438565,46.88427040035003,0.3837963975789397,21.08028877707285,34.97236199227011,54.87376941588274,20.172099467658427,18.764384161015094,32.46065776999927,18.939838109822794,9.333552103843068,13.018814263837236,8.337125355502078,43.63042368555385,20.35747101290746,41.98001896011085,15.129512141763291,20.540144388536426,19.778166703128417,66.7755414570116,27.213592941004887,13.44060380660687,16.829504849412967,10.745788667687595,145.84299569751332,14.237147232553053,31.775687304018085,22.10843724932546,57.2326988988551,47.4438853642529,90.22839641216365,43.936702399183254,7.2633267702180415,59.54692627433822,10.892000291694012,19.458834682418143,30.04565011303143,16.26055567709473,53.46342886312259,25.69248158681543,69.9894990155327,4.871727557791877,4.830744548968132,6.8034711587544665,14.017428717275578,4.108145555312477,17.437759789980312,15.523007365273827,48.80274192372202,62.98454021731204,5.457011594837016,38.5197258076278,9.827098373805878,31.736600306278714,19.082549405673447,13.248596222562531,58.08772697440385,4.45635528330781,39.13614818055859,16.621308247648216,22.306862101655362,18.219864362283964,16.167213592941003,27.23196966382265,10.193320207102749,13.468752278859476
LAMA2,113.79989626556016,222.325,259.5405601659751,200.2350622406639,199.12365145228216,312.5038381742739,226.6386929460581,173.88246887966804,163.77520746887967,173.79097510373444,203.55072614107883,150.98163900414937,82.46151452282157,275.6664937759336,68.12800829875519,198.47022821576763,183.98547717842322,346.97665975103735,293.2979253112033,181.273132780083,341.2597510373444,253.74190871369294,210.6603734439834,79.69771784232366,573.5822614107884,231.5838174273859,347.59128630705396,80.98921161825726,127.92178423236514,216.750622406639,301.3240663900415,148.2795643153527,193.62821576763486,199.0945020746888,267.2356846473029,230.97209543568465,167.71441908713692,236.16078838174275,201.25010373443985,220.0191908713693,236.5786307053942,100.01265560165974,84.61887966804979,285.3541493775934,207.48309128630706,323.9374481327801,135.45560165975104,108.20591286307054,183.61047717842322,278.947510373444,132.25809128630706,158.62396265560167,277.1067427385892,221.54232365145228,74.07811203319503,75.61431535269709,150.03132780082987,282.05134854771785,441.1463692946058,189.43744813278008,133.24564315352697,299.83796680497926,230.09616182572614,234.68651452282157,0.0729253112033195,276.7863070539419,260.42230290456433,170.15446058091285,253.21856846473028,213.35840248962654,149.62209543568466,204.39647302904564,213.19356846473028,200.86867219917013,232.90840248962655,0.02966804979253112,204.14336099585063,412.2463692946058,182.3106846473029,160.1640041493776,172.0938796680498,188.38070539419087,217.2106846473029,178.6265560165975,300.37251037344396,0.19699170124481327,232.2591286307054,397.3546680497925,189.20082987551868,261.84636929460584,208.86898340248962,372.22334024896264,301.74149377593363,179.97582987551868,174.18298755186723,228.29045643153526,190.54429460580914,300.4436721991701,129.5729253112033,158.27354771784232,228.40259336099584,226.64678423236515,211.78827800829876,122.45228215767635,197.17728215767636,253.95653526970955,187.33890041493777,156.46670124481327,197.63132780082987,260.3581950207469,184.72821576763485,217.9058091286307,265.1826763485477,140.55985477178425,157.44035269709545,238.75290456431534,217.5280082987552,127.30248962655601,125.46804979253112,66.6643153526971,175.0091286307054,183.47230290456432,228.47883817427385,238.56234439834026,249.1710580912863,238.99045643153528,207.77780082987553,223.86358921161826,271.12417012448134,210.0421161825726,249.64927385892116,99.26286307053942,203.04190871369295,141.54543568464732,244.39346473029045,228.92385892116184,353.9570539419087,191.98226141078837,182.58589211618258,282.10570539419086,85.1646265560166,197.9966804979253,157.4853734439834,74.17634854771784,257.0570539419087,322.1036307053942,129.2636929460581,206.28734439834025,77.5301867219917,232.8136929460581,120.92852697095435,121.60342323651452,193.89076763485477,228.8378630705394,297.8553941908714,212.21639004149378,236.2350622406639,159.6548755186722,138.0036307053942,189.53692946058092,142.1143153526971,434.2133817427386
SOX11,0.9439155866498452,2.8059410482853537,1.0127308177543297,3.0255763275605,3.6641816722101157,3.5267805941048285,2.5635967427457276,1.7602936116527124,3.134189700653745,5.243147149902512,5.486523683908705,1.0900332606950338,2.996559238444776,2.532515196696869,0.2065603853652942,1.8280766142906297,2.222273196467485,5.028558320908361,3.291088427571969,1.7089115724280308,3.902855832090836,2.237068471154949,2.9614634705814886,2.7341438238330085,4.2962495699048056,2.547425163436174,2.986351645830944,2.657529533203349,1.621745613029017,2.218373666704897,2.424016515655465,1.0962266314944373,1.0122720495469664,3.8346140612455555,5.778529647895401,4.219635279275146,2.4268838169514853,0.7182016286271361,1.8338112168826701,3.0826929693772223,2.284665672668884,2.636655579768322,3.238215391673357,1.258974653056543,2.546737011125129,3.889092785869939,5.003096685399702,2.957908016974424,1.9943800894598005,2.51703176969836,1.9361165271246703,2.1041403830714533,4.073288221126276,1.9048055969721298,3.8652368390870513,3.02695263218259,0.92613831861452,2.2022020873953436,2.9585961692854683,2.826241541461177,2.1324693198761326,3.055281568987269,2.692051840807432,4.506938869136369,0.08498681041403831,2.7897694689758,3.787819704094506,3.144053217112054,1.0916389494208052,2.9479298084642735,1.6175020071109072,3.0324578506709483,1.1230645716251864,2.86363115036128,3.828535382497993,0,3.3947700424360594,4.965363000344076,1.9454065833237757,1.9447184310127308,3.3945406583323776,1.3702259433421264,2.7929808464273425,1.1513935084298659,1.4181672210115839,0.21195091180181214,3.186374584241312,4.663722904002753,3.028558320908361,11.453951141185916,2.2416561532285812,1.4833123064571625,2.578850785640555,2.3303131093015255,2.8824406468631723,2.102420002293841,2.219291203119624,2.803532515196697,0.6523683908705127,1.1973850212180297,3.0313109301525403,2.8505562564514277,1.6761096456015598,1.0461062048400045,3.1922238788851933,2.0841839660511527,1.256680812019727,1.0188094965018923,0.8885193256107352,3.6306915930726,2.000688152311045,2.1775432962495698,1.556944603738961,1.6489276293152884,2.1276522536988187,3.8770501204266545,2.330657185457048,3.5656611996788623,1.5078564055510952,2.0770730588370228,3.4533776809267116,1.5118706273655236,3.4720724853767635,2.5033834155293038,2.7016859731620597,2.8960890010322284,3.4060098635164584,3.0233971785755247,1.2570248881752495,3.475398554880147,7.537676339029705,3.8240623924762014,2.1021906181901593,4.050579194861796,3.6676224337653403,2.1040256910196122,4.950682417708453,1.7418281913063425,4.913866269067554,1.2809955270099782,0.9499942653974079,0.5489161601101044,0.9893336391788049,2.485262071338456,3.491914210345223,4.390870512673472,0.9058378254386971,2.1409565317123525,2.4087624727606376,2.381809840578048,3.8323202202087394,1.4938639752265168,3.134533776809267,1.695721986466338,2.428260121573575,1.5424934052070192,2.263218258974653,1.7617846083266429,4.688725771304049,2.324005046450281,0.6644110563137975,6.986351645830944
NBEA,52.46407050993795,99.01358035794586,105.99550319273315,102.08211170069251,88.08822735857541,157.47657163413976,109.11979494558864,69.12959798543035,60.38519651047756,78.74673981473154,94.32727763288065,71.4070509937944,48.380250022484034,101.22349132116197,22.331504631711486,90.24768414425758,91.23635218994514,172.87327997122043,119.83766525766706,118.10639445993344,167.4879035884522,116.9420811224031,105.62577569925352,44.002428275924096,305.89279611475854,115.30722187247055,145.9809335371886,47.10846299127619,55.53035344905118,59.35605719938843,131.15235183020056,60.52864466228977,167.9901969601583,76.34328626675061,111.78604191024372,91.16386365680367,72.0715891716881,170.70249123122582,97.51758251641334,107.70563899631262,104.4817879305693,59.202626135443836,48.94280061156579,105.79737386455616,77.09074557064484,114.11466858530443,85.39949635758612,65.93803399586294,83.94765716341398,121.14713553377102,54.86716431333753,66.1026171418293,139.4924903318644,103.08912672002877,40.70527925173127,43.909344365500495,52.17501573882544,140.20928141019877,218.2836586023923,74.62595557154421,56.81913841172767,128.20514434751325,110.67551038762478,113.69376742512816,0.02788020505441137,122.90017087867614,107.67002428275924,68.30299487363972,95.69691519021495,107.70141199748178,48.924903318643764,91.0767155319723,69.93155859339869,101.17087867613994,99.00260814821476,0.0,89.21314866444824,195.25326018526846,83.13562370716791,70.89378541235723,78.15262163863657,81.20631351740265,104.38222861768145,75.47675150643043,121.13076715531972,0.13526396258656354,109.87678748088857,332.0102527205684,93.51848187786672,87.42908534940193,100.8820037773181,220.84854753125282,132.3491321161975,73.55013940102528,116.59231945318824,113.24327727313607,81.63000269808435,124.04928500764457,48.63755733429265,66.97913481428186,105.82669304793596,109.27943160356148,106.96807266840543,45.82003777318104,79.88748988218364,131.5311628743592,95.85880025182121,65.06664268369458,83.5502293371706,106.64682075726235,78.56443924813382,103.31603561471356,137.8898282219624,55.664358305603024,72.38007015019336,99.38303804298948,97.80591779836317,81.62775429445094,47.59933447252451,40.37395449231046,77.12797913481428,92.27547441316665,91.01447971939923,152.52513715262162,127.23716161525317,111.23311448871301,106.42449860598975,96.47873010162785,107.78981922834787,102.46290134004856,105.2015469016998,55.36217285727134,90.91519021494739,90.61039661840094,68.26567137332493,120.97832538897383,165.094522888749,127.525766705639,82.67110351650328,104.293191833798,44.2147675150643,105.07617591510028,68.60661930029679,41.27700332763738,97.92661210540516,151.28257936864827,50.59285907006026,81.1749258026801,41.243726953862755,94.9232844680277,76.26180411907545,54.07311808615883,87.49608777767784,145.63611835596726,127.50445183919418,100.22789819228348,113.08903678388344,66.12689990107025,84.43771921935426,94.50750966813563,66.97373864556165,166.79629463081213
PTEN,20.74875373878365,31.331560872936745,47.12617702448211,38.0994793397585,25.078542151323806,40.38606403013183,27.897197296997895,21.355378309515896,25.899966766367562,20.6948044754625,27.00243713304531,30.606181455633102,15.033455189985599,28.02071563088512,9.771352608840147,31.75562202282043,29.39171374764595,52.49363022044976,39.87216129389609,34.01883239171375,45.542926775229866,37.08020383294561,34.28625235404896,14.465492411653926,91.57328015952143,27.56497175141243,47.04464384623906,18.433255788190984,17.375872382851444,27.055389387393376,42.8845685166722,23.89974520881799,82.1773568184336,24.18655145674089,27.799379638861193,28.158856763044202,27.216794062257673,84.87171817879694,32.96599091614047,28.914589564639414,49.563420848565414,20.35227650382187,13.894538606403014,45.36069569070566,36.03411986263432,38.56198072449319,27.08075772681954,21.350060928326133,29.942616594660464,44.07566190317935,17.109892544588458,22.54414534175252,43.33244710313504,36.363908275174474,13.275285255345075,14.612163509471586,22.12196743104021,35.54447767807688,51.175030464163065,23.671540932757285,27.328459067242715,45.54447767807688,30.48033676747535,31.838595325135703,0.0,39.71917580591558,34.04841032458181,22.114102138030354,31.617037775562203,25.29123739891437,20.038661792400575,23.15918909936856,25.66854990583804,23.706214689265536,35.07721280602637,0,30.19264428935416,62.912595546693254,27.22676415198848,24.61836712085964,20.579040655810346,36.306303312285365,26.590672427162957,28.213913814113216,51.64805583250249,0.42716295557771133,29.200288024814444,79.22454857649275,23.76193641298327,23.29489309848233,34.475794837709095,54.66533732136923,41.458181012518004,23.220449761825634,33.0309072781655,27.404231749196853,22.706657804364685,40.62324138695026,18.641298327240502,26.92023928215354,34.50348953140578,27.19220117425501,37.098703888334995,22.927993796388613,27.306967984934087,37.50703445219896,34.62401683837377,26.882242162401685,33.40068682840368,29.86429600088623,22.96798493408663,27.606181455633102,42.81621801262878,16.814445552232193,34.8845685166722,29.807577268195413,31.712418300653596,25.075661903179352,23.028248587570623,11.945718400354492,16.461172039437244,30.236845020494073,40.40999224548577,38.562423839592334,30.752298659576827,29.012628780325688,23.779217901850007,31.67608286252354,45.89365237620472,25.660795391602967,27.175805915586572,17.57449872604409,32.126620139581256,16.040101916472803,20.764595103578156,36.04985044865404,46.14788966434031,35.26675528968649,33.72958901074554,49.255898969757396,11.823197075440346,34.845463609172484,28.095934418965328,13.56530408773679,30.375207710202726,42.87182895757173,22.357039991137697,25.72316384180791,12.082640965990915,29.00310180569403,22.518666223551566,17.583804143126176,22.321701561980724,44.015841364794504,40.73712196743104,33.65924448875595,39.754735792622135,29.015952143569294,28.755068128946494,31.403788634097708,24.498947601639525,46.49374099922455
IGHG1,66.55326460481099,92.20618556701031,29.953799159984726,70.49599083619702,104.48453608247422,175.01985490645285,117.19320351279114,71.02710958381061,61.450171821305844,138.13020236731577,68.27987781596029,27.05345551737304,38.47842688048873,3.7155402825505917,0.37762504772814054,88.65788468881253,66.21114929362352,127.17411225658648,174.9557082856052,21.594119893088966,213.11378388697977,121.73577701412754,36.7930507827415,45.032836960672014,191.87819778541427,108.7598319969454,100.46009927453227,27.63077510500191,40.11378388697976,97.9213440244368,146.4967544864452,51.19320351279114,16.82512409316533,226.27453226422298,15.69721267659412,163.24704085528828,56.76594119893089,16.476135929744178,66.0843833524246,126.77014127529591,165.1672394043528,45.81290568919435,54.04276441389843,37.14852997327224,58.46659030164185,26.0557464681176,42.47040855288278,38.65215731195113,87.07941962581138,79.16800305460099,100.80641466208476,65.73463153875525,93.02138220694921,60.47651775486827,32.51622756777396,32.274532264222984,18.783505154639176,94.4135166093929,122.78579610538374,104.99312714776632,45.96601756395571,151.85643375334098,152.97021764032073,156.2966781214204,0.0,158.799159984727,133.86979763268423,143.8491790759832,129.16380297823596,163.38907980145095,14.629247804505537,105.21573119511264,1.9820542191676211,266.8144329896907,101.36655211912944,0.0,92.47117220313096,206.48988163421154,80.31156930126002,61.051164566628486,127.7651775486827,49.024818633066054,197.8881252386407,43.49217258495609,31.75295914471172,0.12027491408934708,209.56395570828562,336.06949217258494,122.61321114929362,33.64986636120657,73.9495990836197,45.79992363497518,149.03741886216113,124.94883543337151,32.8045055364643,134.67201221840398,121.88507063764796,156.196639938908,0.47040855288277966,67.50973654066438,124.97594501718213,126.65253913707522,83.72394043528064,35.00954562810233,97.03741886216113,111.80374188621612,64.05192821687668,37.37571592210767,34.80488736158839,122.05803741886216,75.66361206567392,91.49446353570065,74.55784650630011,48.34211531118748,76.84230622374952,129.0106911034746,77.86827033218786,27.15693012600229,60.07521954944635,21.872470408552882,167.22222222222223,57.550591828942345,72.76212294768996,68.97518136693394,138.58877434135167,158.2340588010691,126.05765559373806,92.29744177166857,45.21267659411989,153.4574264986636,36.54371897670867,42.39137075219549,86.54333715158458,37.42077128675067,99.83428789614356,87.78312332951508,196.8873615883925,18.830851470026726,14.982436044291715,35.982817869415804,41.10691103474608,51.51699121802215,41.199694539900726,34.38487972508591,124.17105765559374,174.659793814433,31.03741886216113,41.34249713631157,27.509354715540283,83.84230622374952,44.30660557464681,35.1061473844979,113.60481099656357,33.228713249331804,188.23749522718595,78.68041237113403,73.48186330660558,53.413134784268806,34.081710576555935,83.54142802596411,60.22145857197403,27.039327987781597
CDH10,87.2283304246655,145.95986038394415,205.36183827806863,131.55410122164048,110.99214659685863,201.83973240255963,139.24374636416522,93.60500290866783,106.52995927865038,93.84060500290867,129.05090168702733,116.80686445607911,57.0977312390925,132.27341477603258,19.97760325770797,138.02530541012217,118.63757998836533,215.5631180919139,175.62710878417684,134.47673065735893,202.24258289703315,171.565445026178,144.01919720767887,51.69895287958115,374.3350785340314,147.8214077952298,222.49883653286795,59.63583478766725,74.74287376381618,124.96480511925539,193.8630017452007,97.5846422338569,206.03984874927283,113.1413612565445,159.1977894124491,130.96276905177427,112.49214659685863,232.49069226294358,133.45346131471786,140.33944153577661,155.36998254799303,68.89848749272834,56.5063990692263,219.01832460732984,163.81151832460733,129.58522396742293,107.08755090168702,75.7891215823153,131.78824898196626,182.59453170447935,77.90750436300175,89.33420593368237,169.00116346713205,152.0607911576498,51.94851657940663,52.17626527050611,108.29813845258872,180.40139616055848,279.50174520069805,104.82897033158814,107.82140779522979,187.18644560791157,147.20186154741128,145.32198952879583,0.09133216986620128,178.8563118091914,142.24258289703315,99.32635253054102,148.14688772542175,134.95317044793484,89.30424665503199,121.59802210587551,103.77312390924956,130.6195462478185,150.94735311227458,0.0,133.8216986620128,244.08231529959278,116.81704479348458,110.61576497963932,101.53519488074461,134.86416521233275,133.57038976148922,130.7955206515416,226.76934264107038,0.13408958696916812,144.48923792902852,262.81210005817337,125.29232111692845,118.77021524141944,150.69022687609075,238.32228039557882,208.97294938917975,98.03839441535777,133.94386271087842,148.17422920302502,109.50407213496219,171.66230366492147,72.0610820244328,121.05177428737638,155.94706224549157,147.16812100058172,145.24520069808028,92.47353112274578,113.32053519488075,168.4264107038976,150.5628272251309,108.82344386271087,138.28795811518324,153.0238510762071,113.54508435136708,135.0913321698662,178.44851657940663,82.90023269342642,126.22280395578825,138.33333333333334,135.77690517742874,95.46509598603839,96.25712623618382,47.28446771378709,97.19342641070389,132.71640488656195,233.30104712041884,156.9912739965096,112.95811518324608,146.08318789994183,135.48109365910412,130.43630017452006,216.55148342059337,130.23211169284468,136.86329261198372,64.30628272251309,133.73094822571264,104.83304246655032,100.97004072134962,162.83827806864457,216.06166375799884,147.49389179755673,91.50814426992437,230.6826643397324,57.43688190808609,157.3627108784177,123.36532867946481,48.92001163467132,132.67801047120417,198.0453752181501,102.96451425247237,118.74054682955206,61.01250727166958,134.40837696335078,93.56369982547993,77.38016288539849,117.10296684118674,176.76817917393834,189.40721349621873,153.4933100639907,156.82257126236183,127.16986620127982,99.4258289703316,126.7065154159395,105.58755090168702,207.261198371146
FBXW7,80.86676045016077,127.48975080385853,169.7690916398714,112.03496784565917,124.2059887459807,189.73774115755626,127.33942926045016,101.56209807073955,119.01808681672026,107.11595659163987,127.67483922829582,114.03918810289389,43.591237942122184,181.26487138263664,29.480104501607716,119.34184083601286,95.10309485530547,192.19493569131834,169.95538585209005,119.23512861736334,208.6770498392283,153.21101286173632,118.12922025723472,41.328979099678456,320.9385048231511,137.09646302250803,237.77853697749197,48.13424437299035,73.65554662379421,143.3131028938907,175.81712218649517,113.80144694533762,134.55566720257235,106.36073151125402,181.59786977491962,127.09425241157557,122.8814308681672,148.35249196141478,116.53255627009646,130.1483118971061,129.5729501607717,51.15514469453376,44.28356109324759,169.945538585209,130.19111736334406,201.2797427652733,75.42725080385853,60.437299035369776,109.58882636655949,162.4672427652733,78.06792604501608,96.22347266881029,160.7942122186495,137.6448954983923,40.26065112540193,40.112942122186496,102.34023311897106,200.17001607717043,303.0651125401929,111.87379421221866,94.37359324758843,179.80004019292605,140.0233118971061,133.18247588424438,0.07636655948553055,169.95357717041801,142.49819131832797,94.40635048231512,158.31712218649517,126.58159163987138,102.24517684887459,121.98975080385853,163.46925241157555,170.37218649517686,146.28536977491962,0.0,122.28356109324758,240.81069131832797,107.0842041800643,94.11736334405144,102.00944533762058,121.88987138263666,131.19111736334406,146.25,193.74095659163987,0.9768890675241158,130.22970257234726,229.03717845659165,111.77090032154341,144.46040996784566,120.53356109324758,255.21362540192925,182.91599678456592,100.96885048231512,118.81611736334405,132.7244774919614,113.08440514469453,172.93971061093248,83.33621382636656,115.64007234726688,131.443729903537,132.649115755627,129.30225080385853,80.82053858520901,117.375,126.65574758842443,124.33601286173634,123.22869774919614,166.16398713826368,176.72869774919613,99.87540192926045,129.02090032154342,123.81672025723472,83.52411575562701,118.97467845659163,132.4302652733119,122.6995578778135,75.34123794212219,88.42765273311898,36.91860932475884,97.32254823151125,113.98231511254019,142.5377813504823,123.36093247588424,153.46543408360128,143.68528938906752,123.58239549839229,120.23171221864952,170.55426045016077,117.93649517684888,167.04662379421222,50.768086816720256,115.53818327974277,79.05727491961414,153.71061093247587,131.64168006430867,215.06149517684887,115.6217845659164,94.39590032154341,182.73774115755626,51.89429260450161,151.10269292604502,120.43629421221866,38.216237942122184,139.0608922829582,191.64951768488746,81.94011254019293,132.40393890675242,37.079983922829584,134.44995980707395,68.34766881028939,71.26085209003216,161.80265273311898,137.3237540192926,180.14208199356912,123.66298231511254,136.3438504823151,118.3100884244373,81.09887459807074,112.3902733118971,108.75180868167203,280.23191318327974
ZNF536,84.62467138523762,165.10232558139535,98.05439838220424,91.50899898887765,164.48776541961578,242.52881698685542,176.3664307381193,94.11466127401415,101.21233569261881,173.89464105156725,108.07199191102123,72.36845298281092,65.39737108190091,49.16582406471183,9.383215369059656,107.44388270980788,95.52275025278058,169.0422649140546,168.0934277047523,68.86127401415571,231.67037411526795,135.65176946410514,97.99251769464105,62.330232558139535,239.5330637007078,169.65338725985845,113.87542972699697,51.04651162790697,78.5015166835187,93.48574317492417,151.48695652173913,80.15733063700708,30.39959555106168,146.4020222446916,112.42244691607685,155.52780586450962,80.74398382204247,33.42588473205258,93.377350859454,176.96784630940343,116.52659251769464,67.81375126390293,71.14823053589484,102.32173913043478,117.00626895854398,77.5397371081901,85.29828109201213,69.274216380182,103.67280080889788,116.61213346814965,75.51931243680485,87.61617795753286,127.71466127401416,104.86167846309404,60.2309403437816,58.70940343781598,58.34256825075834,141.6695652173913,203.40667340748232,127.87057633973711,75.25439838220424,142.64347826086956,188.480485338726,166.7844287158746,0.04064711830131446,143.60829120323558,143.93508594539938,145.3443882709808,92.19595551061678,187.62002022244693,62.79696663296259,172.05965621840244,17.832760364004045,247.75146612740141,131.27704752275025,0.0,120.22224469160768,277.8505561172902,102.5154701718908,92.28473205257836,153.2768452982811,83.83599595551061,175.88412537917088,74.14054600606673,106.39494438827099,0.25217391304347825,197.34762386248735,318.3249747219414,164.46531850353892,92.29059656218402,100.65540950455005,65.91729019211324,149.78806875631952,109.93670374115268,71.7164812942366,154.91607684529828,115.58281092012133,155.56865520728007,7.413953488372093,92.2835187057634,118.94196157735085,164.9670374115268,92.91243680485339,76.56076845298281,122.10455005055611,97.8,95.14802831142568,69.29666329625884,67.41840242669363,130.27563195146612,97.05985844287159,168.2010111223458,84.81395348837209,71.25096056622851,86.90111223458038,152.57654196157736,129.8422649140546,68.94823053589484,89.19555106167846,44.533063700707785,186.0406471183013,74.81435793731042,121.48776541961577,104.38584428715875,193.47300303336704,169.42891809909,215.96117290192115,135.92436804853386,99.15065722952477,186.61213346814964,110.46632962588473,69.63741152679474,109.31769464105157,78.27522750252781,233.27138523761374,113.20343781597573,261.223862487361,62.67805864509606,82.54236602628919,93.97189079878666,61.103741152679476,62.52982810920121,77.37896865520727,63.33549039433772,154.3443882709808,216.41536905965623,69.33791708796764,112.31769464105157,46.71001011122346,120.72436804853388,85.11142568250759,58.91284125379171,159.58442871587462,85.64246713852376,150.99474216380182,87.10293225480284,103.28857431749242,93.3520728008089,84.5118301314459,98.23700707785642,80.63053589484328,185.90293225480283
LRRK2,79.37431753658004,147.0294824197423,173.986459925748,164.2204629831841,106.01539637475432,175.47586809347018,120.79613452718934,82.45512120550339,106.83468006114872,99.31535269709543,132.85488097837955,111.83380650797118,58.90958724612361,141.62732037562787,43.97433937540948,125.06606245905219,130.7447040838611,255.79831841013322,176.03374099148286,118.87519108975759,188.91996069010702,159.75933609958506,156.05481546189125,55.94704083861105,404.8115309019437,131.2619567591177,200.51812622843417,55.463638348984496,77.97335662808473,111.53887311640096,192.2811749290238,89.50207468879668,292.8357720026207,101.95086263376282,148.88261629176677,125.12371696877048,105.38054160297008,304.9576326708888,139.7467787726578,125.1874863507316,156.67077964621097,72.38829438742083,56.74197423018126,180.72483074907186,143.62109630923783,328.5970735968552,104.70594016160734,82.87071412972264,128.91439178860014,182.1616073378467,69.77538763922254,93.7586809347019,206.0245686831186,156.49737934046735,51.75016379122079,53.29209434374317,104.86765669360122,141.4741209871151,223.9810002183883,97.29547936230618,105.84953046516706,189.16957851059183,123.30967460144136,134.40238043240882,0.0017471063550993666,169.52817208997598,147.79045643153526,89.90325398558637,141.89702991919634,116.3299847128194,101.97412098711509,109.30082987551867,110.2014632015724,114.27451408604499,139.65953264905002,0.0,134.95435684647302,274.8639440925966,122.95970735968552,106.57960253330421,93.98853461454466,141.16946931644463,120.62284341559292,124.77735313387203,214.3945184538109,0.05885564533740992,130.096964402708,262.05492465603845,106.40325398558637,125.93033413409042,148.04629831841012,266.4849312076873,193.40358156802796,101.58036689233457,130.32092159860233,123.01889058746451,93.8142607556235,180.2448132780083,76.86317973356628,109.64839484603625,155.01091941471938,117.79962873989955,144.6525442236296,89.64195239135182,104.99901725267526,180.78193928805416,130.00447696003494,103.08407949333916,121.83435247870715,141.13638348984495,104.77997379340468,129.6562568246342,190.1961126883599,71.83904782703647,105.94944310984931,134.54607993011575,127.7449224721555,90.85105918322778,94.40183446167285,48.489189779427825,88.61323433063988,131.7985367984276,165.91963310766542,173.10351605153963,139.9145009827473,123.58047608648177,118.26031884690981,140.0159423454903,170.0186721991701,113.69731382397903,144.95359248744268,69.49803450535052,130.10679187595545,99.60537235204193,90.1768945184538,166.03548809783797,201.37104171216424,131.8834898449443,129.8943000655165,172.18857829220354,52.95512120550338,121.96440270801484,122.57392443765015,53.38807599912645,130.94878794496614,169.4963965931426,100.07796462109631,140.28084734658222,49.853024677877265,118.68672199170125,91.5364708451627,75.44900633326054,101.46473029045643,158.95359248744268,188.43896047171873,149.39834024896265,172.48908058528062,128.11410788381744,103.76162917667612,126.98984494431099,87.02314915920506,240.72854335007645
DCC,66.0026455026455,122.2002743484225,136.95189104448363,100.80599647266314,106.45757397609249,168.66421712718008,116.30550656476582,88.49794238683127,90.85910248873212,95.8641975308642,111.66088575347834,77.21017048794826,46.75445816186557,123.8551832255536,31.27111503037429,105.10552616108171,95.45855379188713,166.19880462473054,141.23123652753281,106.22173231432491,171.62835586909662,128.4440525181266,104.61150303742896,43.73221634332745,275.7285910248873,122.91103272584753,169.50862237899275,39.666666666666664,65.91553987850284,110.94983343131491,145.99353321575543,78.77826768567509,84.12825788751715,104.70233196159123,126.33303938859494,117.76063100137175,94.60944542426024,96.35890652557319,106.44140701548109,118.80374289633549,116.67568097197727,54.271898883009996,47.80501665686851,142.52478933960415,100.54203409758965,140.14462081128747,77.82843425436018,59.903782088967276,99.59298451891044,125.0119537526945,68.65814226925337,79.75210660395845,130.26014109347443,109.64001567705272,41.33490103860474,40.53870272388791,74.74436605918088,150.27709190672152,230.8988830099941,100.54761904761905,77.20174407211444,145.0877914951989,118.86027826768567,119.46560846560847,0.0245933764452283,139.65392906133647,128.93689986282578,92.27023319615913,118.50685871056241,117.19508132471096,75.12580834803057,106.39966686262983,78.79815794630609,107.82118361747992,130.22104644326868,0.0,109.95757397609249,207.95747599451303,93.4092690574172,88.13384283754654,92.103468547913,101.73799725651577,117.5776993925142,94.52233980011758,151.1559866745052,0.13168724279835392,120.36302175191064,205.6257103664511,101.95688810503626,131.18342151675486,107.10866157162454,172.19537526944936,151.11620615324318,90.21683323535176,100.07250636880266,121.33303938859494,99.14079952968842,141.59131883205959,68.35724083872232,88.24916715657456,115.42621987066431,123.23202038016854,111.27816970409563,67.52145796590241,99.26660787771898,122.27091906721536,102.38359788359789,81.876641191456,100.53282382912012,127.52400548696845,57.20850480109739,111.93680188124632,79.30168528316676,75.48295120517342,77.14912796394277,121.86018028610621,118.67646482461298,70.14119145600627,70.98589065255732,36.67048794826572,90.3098177542622,96.57946306094455,114.28257887517147,115.90466392318244,133.07946306094453,128.9421908681168,120.3941798941799,113.46893983931021,138.3206937095826,113.89075053889869,123.50862237899275,54.05144032921811,103.89349402312365,78.93513619439545,92.35341955712326,118.74034881442289,185.633940819126,106.42778757593572,106.06623554771703,142.17813051146385,46.298255927885556,108.63305898491083,84.20889672741525,42.937487752302566,122.54007446600039,163.7708210856359,70.52910052910053,102.07701352145797,44.11356065059769,111.79120125416422,67.32951205173427,64.46913580246914,101.12267293748775,130.28199098569468,144.82402508328434,111.94963746815598,120.19645306682344,88.81863609641387,81.89986282578874,94.40290025475211,84.98177542621987,193.23603762492652
PXDNL,54.105098855359,119.81914672216442,103.6420395421436,110.05452653485952,109.61352757544225,178.53048907388137,122.28928199791883,82.71883454734652,70.0366285119667,113.34131113423517,105.90322580645162,67.18522372528616,51.42580645161291,113.50156087408949,58.60770031217482,98.8156087408949,128.36774193548388,174.65619146722165,147.85202913631633,86.54068678459937,180.96482830385017,125.77273673257024,108.30364203954214,48.488865764828304,408.7331945889698,123.10551508844954,143.76066597294485,56.43558792924038,59.701768990634754,86.36545265348595,139.87596253902186,65.73964620187304,73.89719042663891,116.14006243496358,140.7922996878252,116.42081165452653,80.6006243496358,80.23017689906348,96.0149843912591,128.01061394380852,155.43017689906347,61.253069719042664,54.13132154006244,104.24120707596254,85.31550468262226,174.09968782518212,88.67367325702394,67.03954214360041,90.74734651404786,120.66888657648283,66.99001040582726,103.62809573361082,145.91446409989595,106.92216441207076,45.00062434963579,47.99021852237253,55.46493236212279,178.25972944849116,198.92715920915714,125.88345473465141,83.60998959417273,139.8978147762747,181.72216441207075,136.91071800208115,0.12903225806451613,142.8805411030177,132.29802289281997,88.22455775234131,166.42018730489073,123.90842872008325,54.019146722164415,113.04953173777315,81.3404786680541,120.8853277835588,124.96170655567117,0.0,106.03683662851196,216.32278876170656,122.64412070759626,77.91779396462019,98.9537981269511,78.61415192507805,124.66326742976067,62.52632674297607,114.99188345473465,0.30135275754422475,125.0137356919875,304.508220603538,119.43579604578564,125.95359001040583,110.11716961498439,142.5340270551509,151.46409989594173,84.56670135275755,90.66534859521332,120.80249739854318,120.51279916753381,148.36420395421436,44.05744016649324,67.82247658688865,108.31571279916753,180.92466181061394,105.16004162330906,87.08074921956296,98.93423517169614,121.03954214360041,86.8534859521332,57.04099895941727,64.14630593132154,132.59375650364203,90.0041623309053,112.91800208116545,124.30322580645161,93.21727367325703,90.46409989594173,169.20707596253902,107.33485952133195,73.08782518210198,52.848907388137356,40.91633714880333,91.53298647242455,90.96045785639959,102.91550468262227,118.1945889698231,165.57377731529655,127.6168574401665,122.39417273673257,116.27346514047866,103.56295525494276,125.96462018730489,124.41602497398543,59.72486992715921,102.71342351716962,87.15088449531737,125.66097814776275,109.66534859521332,201.48137356919875,141.77440166493236,95.43558792924037,102.96524453694069,43.8630593132154,70.35837669094693,58.65057232049948,48.25452653485952,126.41311134235171,170.2114464099896,49.51134235171696,89.7952133194589,50.185431841831424,103.89656607700311,83.34817898022892,55.31883454734651,107.75671175858481,118.36482830385016,143.64474505723206,103.3411030176899,122.16732570239334,65.17752341311135,81.96732570239334,95.50052029136316,86.32299687825181,205.7891779396462
PTPRD,82.56745030773888,147.59782060337,196.03057209161537,133.7268691353042,125.96347492684896,218.3977398849763,145.5420240137221,109.82342851377257,120.30521642619311,120.08737766118455,145.45928766017556,105.19755826859046,54.37342346887297,170.50842498234286,52.30804156997276,134.74765412168298,117.07829684189285,231.49551003935022,188.11704167087075,143.92261124003633,216.16496821713247,166.33306427202098,142.03995560488346,50.64544445565533,373.46049843608114,153.37231359095955,254.11734436484713,62.80718393703965,87.46261729391586,158.04237715669458,190.78125315306227,111.93310463121784,111.49722530521643,130.4665523156089,179.6264756331349,149.39834527292908,119.27313086469579,149.40833417414993,130.7134497023509,143.9414791645646,143.4786600746645,64.87882151145192,54.90596307133488,201.69538896175965,143.9204923822016,211.42084552517406,93.82463928967813,69.61497326203208,125.88497628897186,186.11643628291796,89.44031883765513,110.34638280698213,186.27353445666432,148.7117344364847,52.076783372010894,52.959539905155886,102.69236202199576,202.97719705377864,309.0828372515387,122.358692362022,98.01866612854404,197.47755019675108,144.8059731611341,155.51518514781557,0.013520330945414187,184.77641004944002,162.59297749974775,119.74583795782463,175.9845626072041,143.63162143073353,116.74311371203713,136.79073756432248,126.45020684088387,130.8117243466855,166.0097871052366,0.0,143.8874987387751,258.60347089092926,124.82645545353647,109.41004944001614,111.04752295429321,128.75935828877004,140.63495106447382,145.1441832307537,215.37261628493593,0.12178387650085763,145.24669559075775,266.7659166582585,126.23388154575724,182.21107859953588,146.13136918575321,268.4620119059631,204.75219453132883,113.5779436989204,136.82827161739482,145.9416809605489,125.08192916960952,185.54737160730502,105.47916456462517,115.3856321259207,146.54505095348603,146.13661588134397,143.96478660074663,88.56694581777823,139.01452931086672,157.52366057915447,132.05579658964785,125.35001513469882,143.6588638886086,154.03480980728483,118.56634042982544,144.30289577237414,178.43063263041066,94.16860054484916,125.85248713550601,147.32660680052467,143.85975179093936,96.62990616486732,90.81111895873272,45.04429421854505,116.38250428816467,151.9144385026738,158.9537887196045,156.44405206336393,207.52628392694984,159.47179901119966,145.10331954394107,138.55463626273837,194.99445061043286,136.74281101806073,165.50166481687015,65.56936736958934,137.50307738875998,98.90091817172838,113.22934113611139,148.84320452023005,224.0936333366966,141.81717283826052,132.8736757138533,202.28352335788517,59.66542225809707,140.16940772878618,117.86409040460094,50.28019372414489,160.90061547775198,209.77146604782564,91.42346887296942,138.503884572697,46.35808697406922,152.7628897184946,85.62153163152053,79.29331046312178,128.1337907375643,165.99303803854303,187.88931490263343,144.54716981132074,151.086974069216,123.42952275249722,101.00938351326809,124.60992836242559,103.32327716678438,286.60599334073254
RP1L1,184.06083030227015,265.17860278439736,148.55788285463439,173.48099836949706,289.4309544713408,429.3629750407626,313.312680295999,130.95422049416783,187.46431707011163,402.24495171202807,181.67377398720683,172.21911451147622,121.54019816881977,48.16041640536812,10.150382541076132,228.77373636021574,221.7650821522639,246.1224131443622,293.3874325849743,85.53932020569422,392.30051423554494,227.8693089175969,178.65195033237177,113.68029599899661,478.6621096199674,299.5098457293365,195.4446256114386,100.48827292110875,142.29487018688073,122.16681299385426,264.50721183995984,156.5521133826665,85.75379405493541,280.7411263012668,129.77687194280696,242.63878088548853,152.67603160667252,67.29537188009532,190.99285087169196,309.7288348175091,308.1093691207826,128.73146870688575,125.89489527154146,151.15351812366737,272.7437601906434,149.35582591245452,176.4741000877963,120.76846858146243,195.6286215978929,222.38680546845603,121.5156152013044,250.2892261382165,195.3521886366487,203.005016932146,105.78389564781136,106.81010911827417,101.22889752916092,210.26213470462812,277.80910573184497,329.9640035118525,279.9846983569547,239.93854258121158,459.6580960742506,290.1197792549856,0.0691082403110498,269.10824031104977,218.16480622099587,219.73773987206823,336.1607926752791,328.29675153643547,82.41878841088675,294.453781512605,11.650445252727957,297.8622852125925,248.46506960993352,0.019064342154772356,239.15677912956227,440.60692336636146,276.07964379781765,223.40599523391447,284.536184623103,186.75166185877336,299.6168318073498,159.2154772356704,153.34930390066475,0.3636021572808228,369.55575065847233,589.206321334504,308.0208202684059,94.40248338141227,221.71165182490907,74.38730716167063,251.31970400100337,184.9475730590744,112.57293365107238,266.4241816129437,240.88360717421295,306.02006772858397,6.322965006898282,197.7857769973661,259.5088423429073,405.59877085162424,180.45453405242694,354.856390317321,188.19026715163676,174.3194531543961,189.83995986454283,134.53116769095698,143.35896149504578,223.96136962247584,161.935532421924,292.9267527906685,147.3237175467202,154.7177975667879,213.75918725699236,309.03160667251973,138.01630502947447,127.30252100840336,200.8693089175969,88.75028220243321,280.07036247334753,150.09055562523517,303.69446883230904,207.5468456039132,380.3809105731845,292.99385425812113,360.1032233789038,234.25787031230402,166.0405117270789,338.7892888498683,169.0390066474351,124.89075630252101,223.18437225636524,144.17107738617835,317.6213470462812,216.15941301893892,423.9690204439985,103.05506083030227,97.39182240060204,169.42342907312178,94.55123541954094,89.99197290856641,161.92938668004516,102.19315188762072,235.61206572181112,371.8626614825034,151.90693590869182,247.72908566411638,88.72319076884484,166.01078640411387,138.17709770475355,109.29762949956101,276.8750783895648,101.39345290354947,258.2008027091434,151.71591621723317,219.50294744763576,235.32120908064718,152.70237050043897,175.31330741251725,242.78841088674275,257.50533049040513
CDKN2A,22.270114942528735,27.245484400656814,14.38423645320197,31.154351395730707,47.48850574712644,56.72742200328407,48.24630541871921,20.626436781609197,40.791461412151065,54.151067323481115,38.03448275862069,18.69129720853859,22.80295566502463,37.44252873563219,9.686371100164203,27.089490968801314,28.998357963875204,40.59031198686371,44.674055829228244,12.591954022988507,56.558292282430216,33.243021346469625,25.87766830870279,22.113300492610836,47.71756978653531,45.90968801313629,31.054187192118228,15.253694581280788,15.397372742200329,21.08784893267652,36.891625615763544,21.990968801313628,11.206896551724139,33.59934318555008,59.61740558292282,37.0303776683087,29.64696223316913,9.036124794745485,23.598522167487683,45.364532019704434,28.4688013136289,27.18472906403941,24.92528735632184,17.32183908045977,39.29228243021346,45.330049261083744,28.20032840722496,23.561576354679804,20.19376026272578,31.041871921182267,17.60262725779967,18.205254515599343,28.587027914614122,23.114121510673236,23.08374384236453,23.316091954022987,22.16830870279146,32.43267651888342,49.30295566502463,28.852216748768473,26.70279146141215,38.67159277504105,33.11494252873563,47.67733990147783,0.0,43.26683087027914,42.18226600985221,28.87766830870279,10.29392446633826,49.38505747126437,24.80377668308703,52.58702791461412,10.257799671592775,45.00410509031199,34.87110016420361,,33.343185550082104,63.77832512315271,23.38177339901478,19.022988505747126,37.98029556650246,28.104269293924467,44.550903119868636,21.995894909688012,21.12807881773399,0.5262725779967159,56.31609195402299,60.54761904761905,45.698686371100166,57.3743842364532,25.504105090311988,11.245484400656814,37.252873563218394,26.608374384236452,20.862068965517242,38.83825944170772,31.30623973727422,42.63711001642036,6.912151067323481,33.804597701149426,30.960591133004925,46.23645320197044,25.64039408866995,28.103448275862068,29.205254515599343,23.142857142857142,24.75287356321839,24.388341543513956,16.183087027914613,32.90147783251231,20.576354679802957,40.96223316912972,24.111658456486044,15.019704433497537,27.89737274220033,37.25205254515599,30.522988505747126,22.44991789819376,30.895730706075533,11.705254515599343,37.367816091954026,23.21510673234811,42.192939244663386,23.154351395730707,54.40065681444992,43.843185550082104,53.48768472906404,32.69704433497537,15.35632183908046,53.89573070607553,54.49343185550082,22.166666666666668,29.7192118226601,25.649425287356323,31.58456486042693,26.70032840722496,69.9696223316913,10.141215106732348,31.526272577996718,21.745484400656814,11.199507389162562,11.0623973727422,23.041871921182267,21.660098522167488,33.083743842364534,59.18472906403941,19.399014778325125,30.834975369458128,13.876026272577997,25.052545155993432,22.80952380952381,14.582101806239738,37.39819376026273,13.867816091954023,36.67733990147783,22.604269293924467,30.082101806239738,32.04351395730706,26.945812807881772,28.96633825944171,18.564860426929393,76.23152709359606
MGAM,91.59016572176188,140.4258613170519,170.6395551679023,186.76679023113826,239.3660052333188,287.39860444832095,193.52398604448322,116.39696903619712,104.52224160488443,119.1294156127344,190.45835150457916,92.2670082860881,61.820867858700396,246.77147841255996,67.404273877017,134.16637592673354,109.26406454426515,226.8788704753598,157.09779764500655,124.02398604448321,195.32479284779765,167.77180549498473,86.92150021805494,74.25654164849541,261.5418665503707,161.18338421282164,255.3025512429132,58.09627126035761,89.79153946794592,157.0515699956389,155.17051897078065,93.22426951591801,72.90721761883995,51.25654164849542,197.16190580026168,122.4360008722198,55.4525730484082,109.0262756214566,70.00261665939817,194.68207588312254,138.29437418229395,67.10717400784998,74.0423026602704,94.54448320976886,124.15078499781946,362.85008722197995,88.35673789795028,72.4152856519843,129.2588312254688,181.487134757959,87.62298299171391,60.39020933275185,220.6151330135194,141.77191452245967,74.25959441779328,59.741822939380725,121.50730484081988,255.84081988661143,368.4737243785434,107.61033580462276,73.25479720889665,240.38595726122983,164.54186655037068,206.19406890536416,1.946031399912778,183.3632795464457,167.57762756214566,131.84866986480594,108.14413432184911,185.68305713039686,151.62581770606192,176.90449193196685,155.4212821631051,176.3641517662451,163.93872655909288,,120.76733536851286,341.43665503706933,97.45082860880942,69.96838203227213,151.97296118621892,117.85837331007414,194.9175752289577,142.07566506759704,65.96740078499782,0.11000872219799389,198.81868730920192,306.9600959441779,104.10782817269953,332.06149149585696,140.38541212385522,222.05287832533799,110.39391626689925,119.21434801569995,150.16964675098126,192.07479284779765,130.36524204099433,192.51450065416486,110.56966855647623,107.27398604448321,145.53118185782816,158.52365896205845,139.0364151766245,72.08155255124291,146.08678587003925,167.55069777583952,106.06781508940253,124.09681639773223,112.47917575228958,159.8411469690362,41.59365460095944,160.5378325337985,157.76526384648932,94.1454426515482,108.66670300915831,160.72535979066726,88.24127780200611,103.15263846489316,97.01232010466637,51.22492368076755,194.77573048408198,112.34747056258178,149.76820758831226,119.76297426951592,218.20791539467945,173.72448757086786,149.20420846053204,149.8844308765809,163.30462276493677,185.72078063672046,171.88966419537724,92.69025294374183,155.88192324465766,50.884103794156125,118.74127780200611,145.56432621020497,257.47612298299174,138.2735499345835,231.14391626689925,142.60041430440472,48.46303968600087,130.7951373746184,118.11982119494112,70.65590928914087,159.3467073702573,281.85979066724815,85.50675970344527,115.89467945922372,57.7334278238116,101.13922808547754,97.36633231574356,63.929023113824684,141.2017008286088,94.28903183602267,197.5192978630615,136.66604884430876,128.63170518970782,112.54622764936764,128.8323157435674,128.86229829917139,91.30364151766246,489.4572612298299
COL11A1,55.91147405984079,96.2895964864123,137.7869887455394,103.92149327477354,66.13587702443041,126.44853143014,84.77436178973373,64.59346692286577,62.11776008783969,60.27916552292067,79.02607740872907,68.29796870710952,35.71081526214658,91.48435355476256,24.657836947570683,96.44825693110074,95.7006587976942,162.2212462256382,125.1388965138622,91.67938512215207,128.54213560252538,124.49464726873455,101.91600329398847,33.69077683228109,272.30785067252265,91.33708482020313,144.26557782047763,38.08550645072742,55.50439198462806,83.48188306340928,139.96417787537743,55.252127367554216,155.28575349986275,101.60691737578918,96.32761460334889,83.80318418885534,69.75555860554488,173.11240735657424,103.99766675816635,83.3219873730442,120.80688992588526,42.520450178424376,35.14315124897063,136.54131210540763,102.27806752676365,118.61926983255559,66.64150425473511,48.26242108152621,95.00041174855888,135.2931649739226,51.776420532528135,64.30387043645348,126.39006313477903,112.9372769695306,29.708344770793303,29.330634092780674,62.47556958550645,112.31690914081801,177.80538018116937,70.45072742245402,66.15344496294263,139.2031292890475,89.84010430963491,87.54268460060389,0.08262421081526215,125.95539390612133,103.36439747460884,59.90516058193796,101.06999725500961,80.24142190502333,59.47405984079056,72.07191874828438,76.30318418885534,80.03335163326928,103.43823771616799,0.0,88.4367279714521,174.76708756519352,85.52346966785616,74.75281361515235,59.210266264068075,94.97954982157563,81.30153719461983,77.60595662915179,164.21671699149053,0.0830359593741422,87.64136700521549,252.6538567115015,70.3543782596761,69.72755970354103,113.94276695031567,193.3790831732089,142.9835300576448,67.70340378808675,91.90131759538842,91.32596760911336,44.842574800988196,130.7079330222344,66.51111721108975,74.80565468020862,112.04090035684875,87.8240461158386,118.79947845182542,54.15289596486412,76.63972001097996,128.77559703541039,92.54831183090859,70.55654680208619,82.66373867691463,108.79206697776557,72.93659072193248,79.38855339006314,133.11172110897613,52.20052154817458,74.83639857260499,94.49052978314576,96.99821575624485,85.59113368103212,56.16236618171836,33.85355476255833,59.93961021136426,106.22467746362888,120.24032390886632,124.89184737853418,97.05942904199836,85.71067801262696,84.10911336810321,93.47556958550645,140.33571232500685,81.68062036782871,86.72165797419709,39.28726324457865,99.94482569311008,71.43494372769695,66.19722755970353,126.4726873455943,130.89061213285754,102.90914081800713,67.93508097721659,141.52443041449354,37.28232226187208,101.27024430414494,75.97941257205599,29.663189678836122,93.91929728245951,120.34984902552841,60.733049684326105,83.99121603074389,39.975844084545706,87.7392259127093,60.52429316497392,50.6553664562174,71.19146307987923,114.28698874553939,129.3040076859731,119.27971452099918,121.62695580565467,77.05366456217403,67.02895964864123,83.76489157287949,62.863436727971454,151.70491353280264
HYDIN,38.85644504748982,54.95712347354139,78.72455902306649,54.749796472184535,47.64586160108548,93.11099050203528,51.99810040705563,38.5606512890095,46.18018995929444,40.53297150610584,38.60135685210312,56.108276797829035,19.19348710990502,36.782632293080056,17.781275440976934,49.884667571234736,50.878154681139755,72.53839891451831,64.75766621438264,48.60407055630936,67.58833107191316,64.89525101763908,53.680597014925375,18.433649932157394,85.74952510176391,59.98968792401628,91.559565807327,18.855902306648574,29.155223880597013,49.938670284938944,70.0303934871099,44.15413839891452,69.97204884667572,46.93242876526459,42.42252374491181,31.99023066485753,47.11614654002714,89.06132971506106,56.895251017639076,52.27842605156038,53.16607869742198,25.53921302578019,20.314789687924016,72.53242876526458,50.54002713704206,54.49986431478969,34.54979647218453,27.472727272727273,47.568249660786975,68.76037991858887,30.205698778833106,36.77150610583446,63.93948439620081,62.93324287652646,18.47842605156038,17.749253731343284,38.821166892808684,68.59023066485753,122.33758480325645,45.82903663500679,40.02143826322931,78.08331071913162,53.33378561736771,55.469742198100406,0.0,68.87734056987789,57.94925373134328,39.416010854816825,31.4561736770692,56.90610583446404,36.637449118046135,44.30990502035278,27.659701492537312,51.24450474898236,52.14843962008141,0.0,48.93459972862958,95.22442333785618,45.251831750339214,40.94654002713704,39.23989145183175,57.09280868385346,51.696607869742195,63.58018995929444,74.89280868385346,0.04993215739484396,53.971506105834465,102.31261872455903,48.37910447761194,52.188059701492534,60.24016282225237,92.05373134328359,73.75223880597015,40.48059701492537,52.7753052917232,55.96553595658073,43.59674355495251,69.4246947082768,22.953867028493896,43.343283582089555,56.02035278154681,53.889823609226596,57.80081411126187,36.509633649932155,43.9763907734057,62.11261872455902,59.956037991858885,57.87001356852103,53.48629579375848,56.751967435549524,42.511261872455904,49.15413839891452,40.57910447761194,32.40488466757123,48.578833107191315,57.468385345997284,51.12157394843962,35.46594301221167,40.40461329715061,16.12727272727273,30.129715061058345,45.83989145183175,57.884667571234736,60.040705563093624,63.04179104477612,57.48141112618725,50.212211668928084,50.62686567164179,70.50393487109905,53.02876526458616,37.95739484396201,24.359837177747625,51.8078697421981,37.45128900949796,35.53758480325644,63.75685210312076,97.5953867028494,48.303663500678425,29.96716417910448,79.24016282225237,20.894436906377205,66.53242876526458,49.078968792401625,18.8561736770692,52.13297150610583,89.02442333785618,36.53622795115332,54.54979647218453,16.1763907734057,49.83663500678426,28.009497964721845,27.30719131614654,45.24504748982361,59.11967435549525,73.65210312075983,55.821166892808684,60.33894165535956,44.3516960651289,39.952781546811394,44.77503392130258,49.701492537313435,69.79972862957938
TNXB,41.33155650319829,91.66653975022845,19.04378617118489,68.90146207736827,127.44045080718854,140.5231495583308,110.70667072799269,52.91387450502589,60.07599756320439,155.28746573256169,92.47289064879683,41.382500761498626,43.070286323484616,56.4144075540664,13.479211087420042,65.6908315565032,66.35379226317393,116.16935729515687,103.1875571123972,19.18778556198599,132.71268656716418,79.17484008528784,66.39209564422784,44.903137374352724,133.17971367651538,94.68938470910753,58.1110265001523,29.954538531830643,46.54218702406336,48.20986902223576,84.31541273225709,38.973728297289064,14.118793786171185,99.25357904355772,90.38402375875724,101.90869631434663,41.13805970149254,14.207432226621991,54.89445628997868,110.86308254645142,68.38371915930551,43.13265306122449,46.99314651233628,21.36970758452635,47.46382881510813,101.12930246725556,49.15191897654584,39.038074931465125,61.332089552238806,66.14453243984161,49.024291806274746,62.100289369479135,94.92385013706975,59.606990557417,47.32752056046299,44.80063965884862,26.167453548583612,59.68961315869632,79.37899786780383,88.92636308254644,32.71992080414255,84.08582089552239,111.27322570819372,103.27962229667986,0.0708955223880597,84.94342065184283,88.84176058483095,100.56457508376485,46.266448370392936,103.90968626256473,49.512107828205906,111.98751142247944,8.943039902528175,94.78084069448676,91.44532439841608,0.0018275967103259215,87.43968930855924,193.58292720073104,69.44920804142552,64.03959792872372,102.73339932988121,37.13904964971063,100.86209259823332,30.510660980810236,22.470073103868412,0.6528327749010052,120.25030459945172,130.1497867803838,106.9408315565032,115.84000913798356,66.58673469387755,22.970301553457205,84.77292110874201,72.28015534572037,27.081784952787086,78.74901005178191,64.91417910447761,103.1578586658544,6.099451720986902,37.65146207736826,77.39856838257691,95.36963143466342,51.51180322875419,38.49322266219921,87.40077672860188,56.394075540664026,45.67484008528785,25.322418519646664,19.344730429485228,91.51583917148949,52.90100517819068,97.84907097167225,50.33079500456899,39.93138897349985,51.99162351507767,96.93123667377398,65.30452330185805,36.44182150472129,44.41623515077673,25.594958879074017,191.7076606762108,39.063128236369174,52.04805056350899,54.17544928419129,110.4554523301858,103.93763326226012,143.36422479439537,94.17461163569905,21.067240328967408,117.10455376180323,116.463981114834,51.02337800791958,66.10531526043253,40.30954919281145,129.32416996649405,63.54881206213829,160.7789369479135,12.082013402375877,114.86407249466951,22.0402832774901,31.71230581784953,14.591912884556807,30.13212001218398,37.559092293633874,113.53929332927201,136.64163874505027,21.282972890648796,114.48911056960098,22.720682302771856,76.1784952787085,47.13234846177277,34.18595796527566,110.93869936034115,21.156183368869936,92.91912884556808,42.99116661590009,57.371687480962535,40.970682302771856,51.13257691136156,59.61902223575998,33.37001218397807,173.75548279013097
PIK3CA,31.1270207852194,49.40228747388101,69.21752996810733,53.49257670735731,36.194765204003076,60.50973276146486,40.410095677994065,30.576817332013636,44.10370614758605,31.190256241064557,47.664907071373584,47.78609919718465,21.56867920378313,68.58825470141868,16.99945012647091,47.60607060376113,42.88507643242054,88.72935224898274,59.458814472671286,48.39876828329484,66.70812713075992,59.427801605630705,52.826789838337184,19.910480589464424,142.3878807874189,44.53579676674365,74.78400967777411,23.22159903222259,25.43165072033432,41.163422412845044,65.0921588034752,37.71351589134499,127.75497635543825,32.547124161442866,57.63851314197735,42.871659518310786,41.40690641152535,133.18464753106787,50.7770812713076,41.11151435169911,58.93082591004069,31.771252611899264,21.884416584185637,68.4701418673705,56.63466402727373,80.41878367975366,40.775101726602884,30.43549983503794,50.737380402507426,68.23149675574618,26.248432860442097,37.67821401077752,67.48520840206753,56.9059716265259,19.382052128010557,19.27801605630705,49.147476080501484,51.01264709116903,81.08556032112614,33.67546464313208,44.12471131639723,70.00450896293853,44.030902892334765,49.558891454965355,0.008248102936324645,61.62201693610469,50.97371604530958,31.850104475970525,49.979214780600465,38.79093808424062,50.945782470031894,36.39074012977015,56.93082591004069,38.643681953150775,57.48707797206642,0.0,46.58000659848235,90.68481249312659,44.63829319256571,41.39392939623887,31.432640492686684,52.353898603321234,39.31375783569779,52.59562300670846,77.44572748267899,0.33036401627625644,41.384031672715274,81.2042230287034,33.96898713295942,59.33586275156714,56.13933795227098,84.02144506763445,65.39942813152975,34.55823160673045,50.37886286154185,39.275706587484876,32.52776861321896,63.82832948421863,29.2247882986913,44.5398658308589,55.63686352139008,40.17903882107115,55.82008138128231,36.250852303970085,39.29055317277026,52.53337732321566,54.96458814472671,45.19971406576487,49.343560980974374,51.734960958979435,21.44726712856043,38.33575277686132,48.20917189046519,24.534697019685474,46.32695480039591,42.22555812163203,45.50533377323216,37.7770812713076,38.343560980974374,19.68349279665677,35.450236445617506,47.02683382821951,59.621577037281426,62.47663037501375,47.69229077312218,41.70691740899593,41.58308589024524,46.948531837677336,65.5211701308699,39.24623336632575,53.75123721544045,24.525349169690973,49.68074342901133,41.444297811503354,31.956010117672935,58.164302210491584,67.98207412295172,51.91235015946332,63.26173979984603,69.9221379082811,18.19377543165072,48.8493346530298,48.98119432530518,18.99472121412075,45.06906411525349,57.948201913559885,40.19311558341582,52.30067084570549,19.193665456944903,42.82634993951391,34.25932035631805,25.68624216430221,37.214340701638626,57.26613878807874,66.41801385681293,52.885516331243814,59.02782360057187,53.4177939074013,42.73990982074123,48.06356537996261,32.458814472671286,95.01616628175519
ABCA13,91.1151070763501,151.81930865921788,166.77927141527002,158.05778631284917,154.25046554934823,245.6474045623836,176.61644553072625,103.53189013035382,93.78002793296089,92.49598463687151,134.7977770018622,125.49668296089385,70.1802257914339,127.27816573556797,26.674581005586592,136.04061918063314,141.10375931098696,241.1610800744879,185.9884776536313,155.22689711359405,257.0106494413408,169.70932262569832,83.07832867783985,66.28130819366852,270.09107309124767,176.50250232774675,208.97707169459963,67.85474860335195,81.56488594040968,129.08100558659217,197.6709729981378,99.13594040968343,216.38978119180632,73.02781657355679,151.28159916201116,141.78456703910615,69.40578445065177,220.5159450651769,141.16404795158286,173.22026303538175,157.84892923649906,89.91096368715084,73.0074487895717,88.69803305400373,131.25314245810057,166.11219739292366,124.45728584729981,98.12150837988827,126.5165270018622,176.1606727188082,82.57099627560521,58.396124301675975,193.50226955307264,158.66521182495345,58.30336359404097,64.49685754189944,76.43930400372439,212.71706238361267,307.82087988826817,122.82163640595903,89.83973463687151,188.94163175046555,181.4596717877095,161.32152001862198,0.3374650837988827,179.93691806331472,155.8560288640596,108.2715898510242,149.07646648044692,174.42452281191805,75.98667364990689,155.11336126629422,90.49196927374301,157.8393272811918,150.4221950651769,0.0,131.47486033519553,316.904155027933,121.42586126629423,112.60777467411546,133.50942737430168,124.74877793296089,163.40828677839852,114.17242783985103,186.31052141527002,0.07152001862197394,178.3463687150838,313.36440875232773,150.16317504655493,148.32373137802608,143.3893156424581,256.8651652700186,104.82332402234637,111.35375931098696,150.43010940409684,168.29469273743015,71.06343109869646,189.9691573556797,46.9096834264432,118.6133030726257,158.22270716945997,170.77100791433892,149.0616852886406,76.19745111731844,124.00180400372439,191.3009776536313,148.3290270018622,107.2925395716946,132.2644902234637,145.92487197392924,65.56220903165736,159.2028049348231,195.06802839851025,82.82058891992551,120.34369180633148,156.93057495344507,91.56174348230913,111.22858472998138,82.98591713221602,58.93907122905028,116.53375232774674,126.49551908752328,154.09409916201116,157.31203445065177,197.95076815642457,175.85911312849163,168.53322858472998,150.08798882681563,169.75360800744878,167.8901303538175,144.40555167597765,83.76367551210429,143.38221601489758,124.37401070763501,112.84054934823091,167.38233240223462,258.6116736499069,162.61522346368716,126.00651769087523,170.17871275605214,49.99150372439479,146.67714152700185,110.08705772811918,66.37284683426444,157.417364990689,237.5455656424581,81.51937849162012,134.34892923649906,61.459846368715084,86.1133030726257,114.03928072625699,78.24202746741155,139.39670623836128,193.9032239292365,189.3324604283054,137.40380586592178,144.5602886405959,109.87174115456239,119.90316573556797,123.82349860335195,113.21269785847299,239.09316806331472
NPAP1,53.755115599255916,85.71379218708478,56.4384799362211,59.90446452298698,89.51514748870582,124.40552750465055,92.9497741163965,51.15267074142971,115.13832048897156,94.75259101780495,77.18721764549562,77.74382141908052,40.62835503587563,37.4384799362211,9.615333510496944,72.48445389317034,57.9921605102312,103.18615466383204,95.52790326866861,38.85556736646293,122.45601913366994,77.14443263353706,71.45987244220038,40.34467180441138,152.87788998139783,86.82248206218442,82.93289928248738,41.10696252989636,42.915360085038536,51.793117193728406,90.76561254318364,80.19492426255647,26.076534679776774,82.955886260962,94.68216848259368,89.72242891310125,89.0774647887324,20.576667552484718,61.306404464522984,94.14456550624502,71.7063513154398,45.653866595801226,42.537470103640715,56.18442731862876,87.87576401807068,67.60523518469306,66.82660111613075,44.94844538931704,59.72056869519001,81.99561520063779,45.206085570023916,58.663832048897156,78.32367791655594,63.478474621312785,39.45455753388254,41.07786340685623,68.36500132872708,81.34679776773851,113.676454956152,69.32341217114005,90.88373638054743,88.10629816635662,88.77238905128887,87.8549030029232,0.007307998937018337,90.35902205686952,84.43409513685889,66.00677650810523,77.91522721233059,100.75511559925592,60.9590752059527,92.79271857560457,29.526308796173264,93.47023651342015,94.95774647887323,0,75.55301621047037,130.798963592878,65.52657454158916,52.08743024182833,82.90765346797768,88.35357427584374,94.54504384799363,84.7289396757906,73.77637523252724,0.2915227212330587,99.99787403667287,132.11732660111613,85.3218176986447,94.2036938612809,72.38891841615732,38.368854637257506,85.65532819558862,57.81982460802551,49.62915227212331,79.72335902205687,65.12370449109753,91.55912835503588,40.48657985649748,91.8784214722296,79.6482859420675,87.0786606431039,65.24196120116927,64.98790858357694,77.15718841349987,66.96465585968642,64.6825671007175,70.99960138187616,67.01793781557268,77.08410842412968,63.44034015413234,80.70542120648419,58.94552218974223,46.25099654530959,100.99720967313314,85.88599521658251,79.0554079192134,48.4132341217114,85.15439808663301,30.03999468509168,74.15546106829657,56.237044910975285,85.18070688280628,76.77092745150146,100.04783417486048,88.53215519532289,101.28155726813712,79.18057401009833,59.69439277172469,93.67127292054212,87.22561785809195,48.97249534945522,69.73133138453362,57.68628753653999,66.52471432367791,72.71033749667818,135.06311453627424,44.35091682168483,44.37616263619453,56.53653999468509,27.720967313313846,46.42904597395695,82.07587031623704,34.844140313579594,87.50916821684827,120.41894764815306,64.17020993887856,81.89449906989104,35.70329524315706,62.56019133669944,55.774647887323944,41.10802551155992,81.35384002125963,113.83975551421737,93.09752856763221,64.55195322880681,73.28009566834972,104.50039861812384,61.624103109221366,61.07998937018336,43.35423863938347,128.7078129152272
BRAF,101.29838709677419,197.5,250.04959677419356,214.50604838709677,181.62983870967741,292.6532258064516,198.1241935483871,127.58467741935483,155.21854838709677,103.18225806451613,210.47096774193548,140.7915322580645,87.59233870967742,247.94717741935483,48.54838709677419,201.09596774193548,181.9334677419355,356.1661290322581,265.4282258064516,147.85282258064515,198.23306451612902,251.86411290322582,115.85241935483872,83.01048387096775,339.84798387096777,205.41290322580645,261.9770161290323,65.12943548387096,113.98548387096774,171.5625,269.59354838709675,128.13548387096773,293.90887096774196,87.40524193548387,225.5383064516129,183.8399193548387,104.81129032258065,348.6802419354839,105.64032258064516,198.61451612903227,216.2717741935484,105.1375,78.52177419354838,124.33588709677419,204.78870967741935,321.2991935483871,136.9782258064516,114.03346774193548,189.28185483870968,258.5387096774194,109.05725806451613,82.3741935483871,267.71774193548384,224.03709677419354,73.89072580645161,74.86774193548388,148.89395161290324,210.55806451612904,314.78991935483873,150.09274193548387,149.25443548387096,272.8987903225806,202.6616935483871,232.34395161290323,0.04395161290322581,249.54596774193547,214.1056451612903,143.3951612903226,123.04072580645162,190.84798387096774,151.66975806451612,179.00443548387096,152.17701612903227,185.0383064516129,210.4584677419355,0.04758064516129032,194.0116935483871,400.3931451612903,173.2383064516129,165.675,153.4350806451613,182.19112903225806,190.95040322580644,145.93145161290323,153.8766129032258,0.7129032258064516,211.4407258064516,365.1423387096774,108.32822580645161,205.6907258064516,210.01612903225808,270.0725806451613,144.2282258064516,152.62620967741935,155.2625,184.6125,146.17862903225807,278.8733870967742,141.69879032258063,150.30766129032259,219.7141129032258,184.71814516129032,208.5116935483871,130.9758064516129,165.05806451612904,226.1625,161.68225806451613,137.1608870967742,147.57782258064515,212.08024193548388,94.56129032258065,177.33467741935485,239.32782258064515,102.36612903225806,118.90846774193548,196.17379032258066,129.45120967741934,128.64112903225808,134.4233870967742,65.15483870967742,140.8165322580645,186.5475806451613,242.9790322580645,229.78266129032258,225.7524193548387,196.90443548387097,189.52983870967742,200.34112903225807,229.8266129032258,186.98427419354837,181.09314516129032,99.96048387096774,197.34274193548387,75.33709677419355,151.26532258064515,242.30645161290323,317.4241935483871,159.08467741935485,189.11895161290323,250.21572580645162,64.38346774193549,145.6008064516129,146.77862903225807,72.35403225806452,205.69596774193548,272.3512096774194,121.69153225806451,199.29112903225806,64.6,111.97419354838709,116.75725806451612,104.37137096774194,166.53145161290323,95.43185483870968,267.62056451612904,198.23266129032257,207.86572580645162,172.06733870967741,133.97862903225806,191.36854838709678,102.41693548387097,411.6661290322581
CNTNAP2,50.20250606305578,91.8856103476152,95.77576798706548,72.66016572352466,74.14763540824576,121.71968472109944,86.1503637833468,63.53344785772029,66.75555780113177,46.34892886014551,70.95675020210186,58.886418755052546,34.716046887631364,87.50798302344381,19.40784155214228,73.64905012126111,71.42886014551334,127.33245755860953,103.33457962813257,69.3769199676637,80.21614793856104,94.37277687954729,41.48949070331447,32.426232821341955,128.97180679062248,85.3962206952304,107.41592562651576,24.955638641875506,48.619037995149554,74.67683912691997,103.83114389652386,59.36822958771221,53.19432093775263,43.42340339531124,85.02970897332256,86.21806790622473,44.74818108326597,68.61166127728374,36.489187550525465,82.07417138237672,80.97746564268391,41.50252627324171,34.57548504446241,51.86105497170574,77.0199070331447,103.60458771220695,56.377627324171385,42.55628536782538,69.35590137429264,67.7548504446241,48.703011317704124,30.145008084074373,98.35822554567503,79.56962409054164,30.596200485044463,30.873383185125302,50.597514147130155,97.61236863379143,140.98251818916734,72.90369846402587,50.03071948261924,99.58407437348424,86.0771018593371,85.24221907841552,0.1471301535974131,99.7483831851253,92.81487469684721,69.02556588520615,48.43825788197251,85.02233225545675,61.63864187550526,76.29254244139047,55.21362166531932,78.77758690379952,89.96473322554567,0.003839935327405012,77.81032740501213,156.39935327405013,68.70189975747778,61.54890864995958,65.70109135004041,74.2763742926435,85.17481810832659,62.71746160064673,58.04769603880356,0.14096604688763137,88.58316491511722,147.34973726758287,46.88955133387227,87.4839329021827,76.85499191592562,109.96321746160065,57.34438156831043,68.76485448666128,66.66814874696847,83.70048504446241,71.15794260307194,108.06447049312854,41.58589329021827,65.23069927243331,84.55426434923201,85.17653597413096,75.52031123686338,45.061944219886826,74.0215238480194,90.15996362166531,76.72898140662895,55.839329021827,70.91016572352466,96.24171382376718,37.981608730800325,80.77415117219078,93.72504042037187,49.825586095392076,49.263540824575585,90.713722716249,52.46584478577203,51.94209781729992,52.22958771220695,27.036075181891672,69.63995553759095,64.64035974130962,86.42603071948263,83.54779708973322,93.6558205335489,89.51081244947453,86.67178658043655,82.93593371059013,98.04395715440582,82.54567502021018,68.07255456750202,41.026980598221506,72.65410266774454,31.83437752627324,67.74666531932094,83.01182295877122,128.00626515763946,65.77031123686338,74.96281325788198,97.03061843168958,26.531224737267582,71.32336297493937,57.85458771220695,30.867623282134197,94.01242926434924,117.83973322554567,49.45099029911075,73.63146725949879,26.20129345189976,52.76727970897332,50.30567906224737,42.663197251414715,69.57093775262733,44.952101859337105,105.70553759094584,73.01343977364591,73.67087712206953,61.89571544058205,56.018088116410674,69.10196038803556,62.59943411479386,146.84902991107518
CCDC168,1.9524364110686667,2.3421690114599834,0.9149352464362247,1.015978757104258,3.4438181309978573,5.502795117860803,4.332153172458772,0.7882698220441628,2.8019193142644183,2.728687226311376,3.4246715736513558,2.3986769775458865,7.967110779837883,2.1575514767539365,0.20674555110407156,1.1418056461380788,1.2900866486536848,2.258129134445169,0.10057765769123264,22.17739681356564,5.636541507500233,0.1177676325351719,1.225892108450573,7.015186807043697,3.77643715643343,3.981039783844219,0.20129507127550544,8.96384980900028,0.5360570204043604,0.8474331500978292,0.15797074443305692,3.6343985838069504,23.76758594987422,1.5435106680331687,2.1036522873381163,2.103465946147396,3.0328426348644366,3.231156247088419,0.8502748532563124,4.090561818690022,1.554504798285661,9.542485791484207,7.645020031678002,0.7936737165750489,0.952669337557067,2.043464082735489,18.076120376409204,11.19561166495854,0.9229013323395137,1.2921364017516073,0.5507313891735768,0.4906363551663095,1.7810025156060747,1.0684338022919966,6.324932451318364,7.118140314916612,0.9426534985558558,5.57174135842728,8.166356098015466,0.8578216714804807,4.022919966458586,0.20208702133606635,4.6310444423739865,3.4476847107053015,0.006708282865927513,0.12932078635982483,1.845523152892947,1.2203018727289667,0.1016957048355539,4.19658995620982,0.7779278859591913,3.4683685828752444,0.8604770334482438,3.52678654616603,2.1842448523246065,0,0.8007080965247368,4.800381999440976,0.9086928165470978,0.7345569738190627,2.6852697288735676,3.6412000372682383,4.1913258175719745,2.483881487002702,0.8913165005124383,0.2980993198546539,4.24979036616044,8.186341190720208,3.433103512531445,1.1618373241405013,1.0193794838349017,2.376688717040902,0.11147861734836485,1.0399236001118046,23.881021149725147,4.412466225659182,1.2713127736886238,0.1810770520823628,0.30042858473865647,2.7449920804993946,1.7845895835274388,3.941814963197615,1.1114786173483648,3.9150284170315848,0.9734929656200503,1.307276623497624,5.151588558650889,1.8202739215503587,3.3459424205720674,1.0804528090934502,1.248253051336998,3.796189322649772,1.5175160719276997,0.7190440696916053,3.4337557066989657,2.573371843846082,1.430354979968322,17.228780396906735,1.2918103046678469,8.556880648467343,1.3169197801173949,0.7272896673809746,1.0289294698593123,3.2139196869467996,4.910323301965899,4.365275319109289,3.102441069598435,2.081384515047051,0.70530140687599,3.929190347526321,2.4315661977080034,9.186667287803969,0.7639057113574955,18.24079940370819,1.2270567408925743,0.990263672784869,5.88372309699059,23.574489890990403,11.920991335134632,0.6757663281468369,0.3727755520357775,2.2217926022547285,2.413537687505823,7.0182614366905804,1.2617162023665331,5.369141898816734,1.289341283890804,1.3834435852045095,7.763486443678375,1.047330662442933,18.17595266933756,0.45271592285474704,2.791297866393366,23.197661418056462,0.11977080033541414,0.9631044442373987,1.0397372589210845,1.3996086834994876,19.444283983974657,0.10122985185875338,2.3540482623683965,2.5293487375384327
UNC13C,67.4312528966476,88.09570523713889,98.25714506411246,80.57106442144291,71.00926927236212,115.523327668778,83.20763170091148,57.519774447705856,68.73883825119728,58.873010968638965,72.5428703846748,88.3647458674494,49.07369071527885,77.0818013285957,24.929939749729645,76.99042175189247,70.03128379422215,136.71813687625522,99.33910088058087,116.0457284103198,120.92283330758535,93.02641742623204,83.68592615479685,46.13502240074154,242.54959060713733,82.76116174880272,108.31268345434883,47.97566816004944,45.21048972655647,66.1243627375251,102.2473350841959,68.06843812760698,142.8421906380349,64.82728255831917,74.75753128379422,76.36057469488645,69.88058087440136,159.76602811679282,81.20531438282094,79.20763170091148,87.99420670477367,58.19921211184922,47.77854163448169,95.85084195890623,69.96269117874247,92.27406148617334,81.55963231886297,65.01737988567898,69.70423296771203,99.05005407075545,42.6702456357176,61.86899428394871,108.88173953344662,85.91039703383285,41.01807508110613,42.971728719295534,60.67202224625367,97.46145527576085,152.59640043256604,61.59385138266646,64.48223389463926,103.57384520315155,82.52410010814151,64.17580719913487,0.0004634636181059787,93.79808435037849,85.39301714815387,56.82048509192028,77.05762397651785,82.51444461609763,63.22091765796385,72.24980689015912,50.09346516298471,78.53792677274834,83.7797775374633,0.0,71.22701992893558,153.38598794994593,73.39193573304496,60.61038158504557,61.3604974509501,89.56712498068902,78.49930480457284,77.81654565116638,108.78850610227097,0.05893712343581029,82.93480611771976,155.59624594469335,68.53058859879499,75.44840105051753,83.56851537154333,146.7835624903445,102.29700293526957,58.78387146608991,112.08280549976827,83.77182141201915,64.9530356866986,98.91812142746794,36.16445234049127,84.67928317627066,91.85941603584119,82.14730418662135,85.06666151707091,53.698903136103816,64.30511354858643,100.9774447705855,107.19921211184922,73.35918430403213,99.07701220454194,79.72346670786344,65.9263865286575,77.69249188938669,106.56658427313455,46.544801483083575,94.52170554611463,83.75575467325815,86.54704155723776,79.94871002626294,60.09655492043875,40.0811833771049,58.17773829754364,72.1812915186158,83.05237138884597,91.67511200370771,98.3300633400278,84.20261084504867,76.87277923682991,82.16004943611927,99.59809979916577,72.79391317781554,73.21906380349142,57.058319171945,79.02881198825892,87.18623513054226,59.85926154796849,93.36088367063185,125.83060404758227,125.5546887069365,106.11161748802719,96.53792677274834,30.394021319326434,120.04920438745559,73.98694577475668,45.31716360265719,80.80380040166847,112.35918430403213,58.718136876255215,80.06612080951645,49.10968638961842,74.67696585818014,84.28742468716206,44.726170245635714,65.19326432875019,104.49551985169164,102.16468407230032,81.34643905453422,95.0269581337865,76.78757917503476,87.68337710489726,73.92090220917657,88.90931561872392,139.91966630619496
